﻿{
	"SafeKey":"{E09264DD-D324-41A7-86AB-CCD91A451DA9}",
	"ChuckyKey":"NodeIsTheBomb",
	"ConnectionStrings":
	{
		"BulkSMS":{"Username":"itronenergy", "Password":"1Tr0n00"},
		"E-Mail":
		{
			"SMTP":{
			"Service": "Gmail",
			"Username": "accounts@intrepidsolutions.co.za",
			"Password": "Acc0unt5@1"
		  }
		}
	},
	"ServiceReferences":
	{
		"OASIS":{"host":"192.168.3.107", "path":"/itronconsumerapp/oasis.asmx/ExecuteService"},
		"PayUServer":"192.168.3.107",
		"IPay":{"Server": "192.168.3.107", "AppName":"/ipayapp/api/ipay"},
		"PayU":{"Server": "192.168.3.107", "AppName":"/itronserviceproxy"},
		"ItronConsumerApp":{"Server": "192.168.3.107", "AppName":"/itronconsumerapp"},
		"ItronAdminApp":{"Server": "192.168.3.107", "AppName":"/itronadminapp"},
		"PayUResponseURL":"http://192.168.3.107/itronconsumerapp/PayU.aspx?Method={Method}&Guid={Guid}&Id={SocketId}"
	},
	"General":
	{
		"DebugMode":"true",
		"DebugEmailAccounts":["eesajacobs@gmail.com"],
		"DebugDefaultToAddress": "eesajacobs@gmail.com"
	}
}